"ID","sire","dam","Sex","sex_nr","TotalLength","TailDepth","BodyDepth","HeadLength","SwimSpeed"
1,11,72,"M",1,27.1,3.8,6.4,16.5,86.65913028
2,15,80,"M",1,29,3.3,7.6,18.2,62.41366439
3,2,53,"F",2,33,3.5,9.4,20,63.820684
4,39,128,"M",1,29.3,3.5,7.2,18.4,62.29515198
6,33,115,"M",1,36.1,4.7,9.1,21.6,74.68141714
8,14,78,"F",2,25.4,3.2,8,16,69.07884474
9,13,76,"M",1,26.6,3.1,6.9,16.7,60.73116776
10,17,84,"F",2,40.5,5.1,11.1,24.4,39.27507681
11,9,68,"M",1,24.4,2.9,6.1,14.5,76.16600362
12,22,93,"F",2,29,4,9.5,18,65.4692039
13,23,95,"F",2,30,4,10,20,67.64216919
14,12,74,"F",2,36.3,4.6,12.5,25,75.61684071
15,20,89,"M",1,28.8,3.7,7.3,17.7,82.15829386
16,10,70,"F",2,39.5,4.4,10.5,22.2,33.97026838
17,42,133,"F",2,35,4.7,10,21.2,54.48243591
18,23,95,"M",1,33.6,4.2,8.8,20.1,100.1607906
19,8,66,"F",2,27.1,4,9,17.9,78.85463695
20,39,127,"M",1,28.7,3.6,7.3,17.7,69.65738304
21,21,92,"M",1,28.6,4,7.3,18.2,62.77190766
22,14,77,"F",2,28.6,4,10,18,74.38199282
23,19,88,"M",1,27.3,3.4,7.2,16.7,80.45682257
24,24,98,"F",2,34,4,10,22.5,45.93682654
25,33,115,"M",1,29.8,3.9,7.3,18.5,55.32642657
26,8,65,"M",1,23.9,3.8,6.9,15.4,86.54309549
27,19,88,"M",1,27.3,3.9,7.2,18.1,76.13092002
28,19,88,"M",1,28.8,3.9,7,17.5,60.60541986
29,12,74,"M",1,20.5,2.9,6.2,15.1,82.05877601
30,36,122,"M",1,30.3,3.9,7.6,18.4,70.60731357
31,16,82,"M",1,22.8,2.9,5.9,13.9,62.14814906
32,1,52,"M",1,19.8,2.4,5.8,11.8,72.97612967
33,6,61,"F",2,28.8,4.1,9.1,19.3,19.0798426
34,13,75,"F",2,27.4,4.4,9.2,18.1,60.65634338
35,36,121,"F",2,30.7,4,8.8,19.3,59.85221953
36,20,89,"F",2,29,3.9,9.2,19,72.92565813
38,31,111,"F",2,27.2,3.1,7.5,16.7,74.65084535
39,9,68,"F",2,29,3.7,9.5,19.1,38.80341046
40,37,123,"F",2,32,3.8,9,19.4,70.26521089
42,25,100,"F",2,34,4.8,12.5,23.2,48.64242101
43,22,93,"F",2,37,4.6,10,23.5,51.17720537
45,32,113,"F",2,31,3.4,9,20,54.20934155
47,34,117,"F",2,32.4,4,9.3,20.5,50.4594496
48,21,91,"F",2,31,3.7,9.3,19.9,63.08048164
49,8,66,"F",2,31.6,3.9,9,19.9,56.83165885
50,26,102,"F",2,32,4,10.5,19.4,38.71969541
51,25,100,"F",2,30,4.3,9.1,18.8,49.29050428
52,11,71,"F",2,30.7,4.5,10.5,20.3,50.57713429
53,10,70,"F",2,32.2,4.2,9.9,21.9,18.03301261
54,16,81,"F",2,23.1,3.2,7.4,14.7,72.8934915
56,9,68,"F",2,23.7,3.3,7.9,15.3,68.12038888
57,18,86,"F",2,31.2,3.8,9.4,20.5,53.37919757
58,37,123,"F",2,37.4,4.5,10.9,24,42.81090354
59,11,72,"F",2,29.4,4,9.1,18.5,56.48522444
60,18,86,"F",2,29.9,3.9,9.3,19.9,88.86521585
61,16,82,"F",2,26.8,3.2,7.9,17.3,49.91381932
62,29,107,"F",2,30,4.3,9.3,19.5,52.11738291
63,5,59,"F",2,20.7,2.9,6.8,13,74.5858169
64,33,116,"F",2,29.2,3.2,8.8,18.6,48.43531937
66,14,77,"M",1,28.5,3.7,7.5,17.6,72.39422
67,37,124,"M",1,28.4,3.3,7.3,16.8,73.62725961
68,28,106,"M",1,27.7,3.2,6.7,16.4,64.73926492
69,9,68,"M",1,21.5,2.9,6.3,14,70.70008925
70,23,95,"M",1,26.5,3.9,7.7,15.3,92.9765325
71,32,114,"M",1,28.6,3.4,7.2,16.6,64.34705043
72,4,57,"M",1,26.3,3.6,7.2,16.2,82.36296334
73,3,55,"M",1,25.9,3.4,6.6,15.5,82.95076614
74,14,78,"M",1,26.5,3.4,7.5,16.2,76.96673262
75,23,96,"M",1,18.1,2,5,11.1,73.50714262
76,18,86,"M",1,23,3.1,6.2,14.4,97.88319261
77,38,125,"F",2,33.7,3.9,10.9,20.8,30.89042073
78,20,90,"F",2,32.6,4,10.6,20.2,88.17015185
79,13,76,"F",2,30.8,3.5,9.9,19.3,33.52064439
80,38,126,"F",2,26.7,3.4,7.7,17.3,77.66328865
81,19,87,"F",2,32.4,3.3,10,20,47.86230276
82,29,108,"F",2,32.9,4.2,10.9,21.4,54.01312064
83,42,133,"F",2,34.9,3.8,11.7,23,21.8490113
84,40,129,"F",2,29.7,3.7,9.3,19.4,64.38833336
85,21,92,"F",2,28.2,3.4,8.5,17.9,62.21174096
86,14,78,"F",2,36.2,4.6,11.2,23.5,43.70713818
88,35,119,"F",2,25.7,3.1,7.4,15.9,73.65391048
89,13,75,"F",2,33.1,4.1,8.9,20.2,52.58146022
90,29,108,"F",2,35,4.1,11.2,22.4,42.01560537
91,7,64,"F",2,31.9,3.8,9.9,21.5,22.88164227
93,40,130,"F",2,33.3,3.4,8.9,20.4,42.52947525
94,5,59,"F",2,25.2,3.1,7.3,16.1,82.22612416
95,27,103,"F",2,23.6,3.1,7,14.9,82.59721613
96,41,132,"F",2,27.6,3.6,9.3,17.9,59.52194509
97,17,83,"F",2,30.8,3.8,9.5,18.9,59.91938172
98,24,98,"F",2,32.6,4.1,10.4,21.6,57.78178413
99,32,114,"F",2,24.5,2.9,7.4,15.7,76.73078922
100,6,62,"F",2,31.7,3.9,10.5,20.3,44.79078094
101,2,54,"M",1,23.9,2.7,7.6,14.9,62.96357028
102,25,99,"M",1,25.7,3.4,6.4,15.7,77.90968811
103,42,134,"M",1,32.9,4.1,8.9,20.9,77.32423888
104,32,113,"M",1,29.7,3.3,6.7,17.5,66.16527602
105,32,114,"M",1,29.4,4,7.1,17.2,70.59635891
106,23,95,"M",1,32.1,4.2,8.3,19.9,80.12489832
107,24,97,"M",1,28.9,3.2,7.8,18,55.30547737
108,21,91,"M",1,30.5,3.1,7.4,18.4,50.65416628
109,2,53,"M",1,25.9,2.6,6.7,15.6,62.71024513
110,34,118,"M",1,28.3,3.3,7.1,16.7,60.10128634
111,33,115,"M",1,27.7,3.2,7.1,17.1,64.07651615
112,6,62,"M",1,29,3.8,7.3,17.9,72.71666504
113,13,76,"M",1,27,3.3,6.6,15.9,75.40495406
114,18,85,"F",2,32,4.3,10.4,20.3,70.36475898
115,2,54,"F",2,30.6,3.2,10.5,20.2,49.50182151
116,23,96,"F",2,30,3.9,10.3,18.9,53.19454864
117,31,112,"F",2,32.9,4.2,10.7,20.7,47.34319827
118,19,88,"F",2,32.3,3.6,8.4,21.1,64.48666832
119,25,100,"F",2,30.2,3.9,9.9,18.7,57.65682908
120,21,92,"F",2,27.4,3.3,8.1,17,87.84302481
121,5,59,"F",2,24.3,2.8,7.4,15.9,86.35110139
122,24,97,"F",2,31.1,3.6,9.5,19.6,46.61372734
123,18,85,"F",2,36.9,4.8,12.3,24.3,42.99909882
124,30,109,"F",2,36.9,4.6,11.4,24.1,30.1129784
125,7,63,"F",2,21.2,2.3,5.9,12.9,102.4531928
126,31,112,"F",2,30.8,3.2,8.7,18.7,107.183602
127,15,80,"F",2,37.6,4.9,12.4,24,25.42105667
128,28,106,"F",2,27.4,3.1,9.3,16.9,76.05049766
129,20,90,"F",2,33.3,4,9.6,21.6,38.06983292
130,9,67,"F",2,24.2,2.5,6.9,14.5,70.28958137
131,36,121,"M",1,24,2.8,5.8,14.1,87.74451784
132,39,128,"M",1,28.3,3.8,7.4,17.7,76.81674427
133,40,130,"M",1,31.3,3.5,7.6,18.7,75.02473313
134,7,63,"M",1,31.4,4.1,7.7,18.9,88.99743818
135,33,116,"M",1,26.3,3.3,6.6,16.3,85.74794383
136,29,107,"M",1,31.3,3.8,8.4,19.9,64.1477913
137,24,98,"M",1,28,3.2,7.3,17,71.1048283
138,38,125,"M",1,30.3,3.4,7.1,18,64.67373496
139,11,71,"M",1,28.1,3,7.1,17.1,65.71819205
140,24,98,"M",1,29.1,3.4,6.9,17.9,54.78363708
141,40,130,"M",1,28.5,3.2,7.6,17.5,47.09989994
142,21,92,"M",1,28.2,3.7,7.4,17,63.2687763
143,17,83,"M",1,25.7,3.1,6.6,16.9,77.08565842
144,35,120,"M",1,26.9,3.5,6.8,16.4,71.51621121
145,17,83,"M",1,28.1,3.7,7.6,17.2,82.82279945
146,12,73,"M",1,20.9,2.2,5.3,12.4,68.73108996
147,22,94,"M",1,27.7,3.8,7.4,16.6,95.43078539
148,2,53,"M",1,23.8,3.3,6.3,14,81.10179593
149,39,127,"F",2,28.9,3.7,9.3,18.1,89.18033828
150,26,101,"F",2,35.9,4.2,11.7,22.9,53.68875617
151,42,134,"F",2,30.9,3.7,9.3,19,63.58418283
152,15,80,"F",2,39.2,4.3,12.4,24.5,23.4329025
153,23,96,"F",2,36,4.4,10.2,22.4,52.18196438
154,25,99,"F",2,36.6,4.8,10.8,22.7,39.93011788
155,35,120,"F",2,33.7,4.3,10.7,22.3,53.92356434
156,27,103,"F",2,30.2,3.7,8.8,19.4,63.95652686
157,41,132,"F",2,27.4,3.6,8.2,17,89.94254458
158,42,134,"F",2,30.8,4.2,9.6,19.9,88.05506125
159,7,64,"F",2,30,3.6,8.9,18.9,75.00547993
160,37,124,"F",2,29.6,3.7,8.9,18.7,80.67400911
161,28,106,"F",2,22.3,3.2,7.1,13.7,85.27784584
162,28,105,"F",2,27.2,3.7,7.9,17.3,69.34620766
163,6,61,"F",2,26.9,3.2,8.8,17.3,79.7255144
164,16,81,"F",2,25.3,3.2,7.3,16,106.4650226
165,7,63,"F",2,22.2,2.9,6.8,13.8,59.61553233
166,3,56,"F",2,21.2,2.3,6.7,13.5,65.76239015
167,36,122,"F",2,26.9,3.2,8.4,16.2,67.54111249
168,26,102,"F",2,30.3,3.6,8.9,19.6,44.02344297
169,2,53,"F",2,29.3,3.8,9,18.2,52.3757037
170,37,123,"M",1,28.9,3.5,7.1,17.4,82.86939995
171,7,63,"M",1,28.3,3.6,6.8,17.5,72.36111662
172,25,100,"M",1,27.7,3.3,7,16.2,72.3819347
173,40,130,"M",1,30,3.8,7.5,18.4,80.20303479
174,6,61,"M",1,34.7,4.3,9.1,20.9,75.67697931
175,17,84,"M",1,31.1,4.1,8.3,18.7,87.50212964
176,31,111,"M",1,27,3.4,6.9,16.5,78.83195903
177,41,132,"M",1,28.7,4.1,8.2,18.2,94.71976059
178,15,79,"M",1,26.5,3.7,6.7,15.9,93.16783419
179,4,57,"M",1,27.4,3.5,7.4,16.5,89.78225414
180,38,126,"M",1,27,3.2,6.1,15.8,87.78992124
181,30,109,"M",1,33.3,4.3,9.4,20.9,73.92255324
182,34,118,"M",1,28.9,3.4,7.4,17.6,57.76968785
183,13,75,"M",1,27.8,3.1,6.6,16.6,59.63576135
184,24,98,"M",1,28,3.5,7,17.2,48.62170332
186,41,132,"M",1,28.3,3.5,7.8,16.3,74.71506725
187,31,112,"M",1,29.4,3.4,7.6,17.7,80.85486987
188,28,105,"M",1,25.5,3.5,6.7,15.3,92.40425648
189,26,102,"M",1,28,3.7,7.3,17.7,58.86909057
190,3,55,"M",1,26,3.3,6.6,15.1,74.07399349
191,28,105,"F",2,26.2,3.2,8.4,17.3,64.15759783
192,41,131,"F",2,27.1,3.9,8.4,16.9,63.0020687
193,1,52,"F",2,23.4,2.8,7.2,14.9,92.61404506
194,10,69,"F",2,29.5,3.6,9.3,17.8,71.13604162
195,30,110,"F",2,32.3,4,10,20.8,43.07369252
196,19,87,"F",2,30.2,3.8,9.7,18.9,32.72894018
197,38,125,"F",2,28.4,4.2,9.7,18.3,100.2589302
198,24,97,"F",2,27.9,3.8,8.6,17.4,89.06593601
199,36,121,"F",2,37.3,4.4,10.7,23.5,46.85255293
200,34,118,"F",2,30.3,3.6,9.4,19.2,86.02114034
201,32,113,"F",2,27,3.5,9.3,18.2,53.86718621
202,11,72,"F",2,28,3.6,9.1,17.9,71.77683951
203,5,60,"F",2,26.2,3.4,7.9,16.4,78.27651785
204,20,89,"M",1,32.4,3.6,8,19.3,69.12833568
205,7,63,"M",1,30.4,3.5,7.3,18.9,76.33354882
206,34,117,"M",1,30.5,3.5,7.7,18.3,68.43573196
207,4,58,"M",1,25.9,3.3,7.3,16.2,87.04797523
208,6,62,"M",1,27.4,2.8,6.5,16.6,58.39543665
209,11,71,"M",1,28.2,3,6.9,17,57.35820262
210,12,74,"M",1,28.2,3.7,7,17.1,79.20889157
211,35,119,"M",1,28.4,3.4,7.2,18,66.03553293
212,12,73,"M",1,28.8,3,7.1,17.5,49.33143006
213,5,59,"M",1,32.8,3.8,8.4,20.5,64.97459746
214,1,52,"M",1,21,2.4,4.8,12.2,78.46003215
215,29,107,"M",1,31.3,3.4,7.7,18.6,68.88591859
216,10,69,"M",1,25.8,3.2,6.6,16.4,70.0755172
217,17,84,"M",1,26.8,3,6.6,16.1,69.00356815
218,31,111,"M",1,31.9,3.7,7.4,18,74.46477363
219,29,107,"M",1,27.1,3.2,6.5,16.7,68.00491754
220,27,103,"M",1,23.9,2,6,14.4,55.20152239
221,35,120,"M",1,28.7,3.4,7.9,17.3,66.99517508
222,11,72,"M",1,26.5,2.9,6.8,16.3,78.17168481
223,1,51,"M",1,23.5,2.3,5,14,52.51078818
224,3,56,"F",2,20.9,3.7,6.6,13.5,114.3502858
225,2,54,"F",2,35.4,4.5,12.2,23.4,32.97272557
226,28,105,"F",2,33.5,4.4,11.2,21.9,44.66080336
227,37,123,"F",2,31.4,3.7,10.3,19.6,18.94767204
228,25,99,"F",2,36.7,3.7,10.7,23,32.8797045
229,9,68,"F",2,23.6,2.9,7.3,14.9,85.79491501
230,23,95,"F",2,32.8,4.1,10.2,21.6,15.34597046
231,35,119,"F",2,28.8,3.4,8.9,18.3,53.26880371
232,37,124,"F",2,31.4,3.9,9.5,19,59.95961222
233,17,83,"F",2,29.9,3.9,9.4,19,40.7884063
234,22,94,"F",2,22.4,2.7,6.5,13.9,86.68904464
235,12,73,"F",2,21.5,2.5,6.6,13.8,111.9256654
236,6,62,"F",2,22.7,3,7.2,14.3,56.9815987
237,12,73,"F",2,24.1,2.5,7.6,14.7,67.79887286
238,27,104,"F",2,31.3,3.6,9.6,20.4,38.0348387
239,13,76,"F",2,28,3.5,9.2,18.4,67.41159344
240,5,60,"F",2,27.5,3.5,8.7,17.5,68.76610085
241,22,94,"F",2,24.2,2.8,7.1,15.3,85.02686407
242,24,97,"F",2,26.9,3.1,8.6,16.3,73.69952716
243,1,51,"M",1,20.8,2.5,5,12.3,89.32170758
244,30,109,"M",1,30.8,4.2,9,18.7,81.98721104
245,30,110,"M",1,28.5,3.6,7.1,16.4,76.45121022
246,11,72,"M",1,25.9,2.9,7,16.9,55.65412715
247,25,99,"M",1,27.9,3.2,7.1,16.5,55.12331047
248,20,90,"M",1,27.6,3.4,6.9,16.4,77.6638164
249,40,129,"M",1,28.4,3.3,7.5,17,80.43943697
250,39,127,"M",1,27.2,3.4,7.1,16.5,77.88901378
251,30,110,"M",1,27.7,3.2,8,17.3,60.99486578
252,19,87,"M",1,32.3,3.4,8.1,19.2,63.36493784
253,10,70,"M",1,27.8,3.8,7.1,16.9,80.02284397
254,8,66,"M",1,22,2.9,5.6,13.6,73.16807517
255,8,66,"M",1,27.2,3.3,6.7,15.8,82.55903413
256,19,87,"M",1,29.4,3.5,7.8,16.9,73.36651723
257,4,58,"M",1,24.8,3.3,7,15,77.0498111
258,10,70,"M",1,25.3,3,6.7,14.8,52.92685776
259,1,52,"M",1,21.7,2.3,5.6,12.7,78.11176083
260,3,56,"M",1,27.1,3.5,6.7,15.6,68.44074018
261,16,82,"M",1,24.4,3,6.4,15,59.49956528
262,16,81,"M",1,26,3.5,6.9,15.8,68.61203447
263,38,126,"M",1,26.2,3.2,6.6,15.3,87.27201009
264,10,70,"M",1,27.7,3.7,7.3,16.4,77.74404982
265,26,101,"M",1,16.9,1.7,4.8,10.5,76.43404097
266,15,79,"F",2,29.9,3.6,9,18.7,76.58585907
267,10,69,"F",2,28.5,3.2,9.5,17.4,78.34646304
268,10,70,"F",2,41.2,4.7,11.9,25.7,27.63640175
269,14,78,"F",2,28.8,3.6,8.9,18.1,53.36177219
270,14,77,"F",2,26.4,3.7,8.9,17.2,91.72944699
271,4,57,"F",2,30.9,3.6,9.8,18.8,48.30898084
272,29,107,"F",2,33.8,4,12.2,22.2,72.22304071
273,39,128,"F",2,22.4,2.7,7.1,13.9,104.9525446
274,38,126,"F",2,28.3,3.3,8.9,18.1,59.58235324
275,31,111,"F",2,28.5,3.4,9,17.9,73.916949
276,1,51,"F",2,20.9,2.5,6.2,13,92.77824159
277,36,122,"F",2,27.1,2.9,8.2,16.9,59.16680162
278,1,51,"F",2,20.7,2.1,6.2,12.9,81.78635114
279,14,77,"M",1,28.4,3.3,7.7,16.6,57.8876028
280,5,60,"M",1,28.1,3.4,7.6,18,62.19594363
281,37,123,"M",1,31.4,3.5,7.8,19.1,75.98346051
282,21,91,"M",1,22.5,3.1,6,14.1,74.70977783
283,34,117,"M",1,27.8,3,7.2,16.9,41.71870906
284,39,128,"M",1,26.3,3.2,7.4,16.6,69.14937816
285,7,64,"M",1,30.2,3.6,7.3,18.5,79.27258646
286,15,80,"M",1,29.1,3.7,7.8,17.6,65.08025256
287,39,127,"M",1,29.2,3.4,7.3,16.9,75.42764566
288,10,69,"M",1,25.7,3.1,6.9,15.9,81.76066549
289,2,53,"M",1,27.1,3.4,6.2,15.7,78.69014377
290,17,83,"M",1,27.8,3.6,7.3,16.9,76.96248109
291,1,51,"M",1,20.1,2.3,5.5,13,65.29076244
292,22,93,"M",1,29.4,3.3,7.3,17.2,76.47575741
293,9,67,"M",1,24.4,2.9,6.2,14.3,92.17928119
294,2,54,"M",1,23.3,2.7,5.4,14.3,66.19443889
295,20,90,"M",1,28.2,3.8,7.6,17.4,75.35934976
296,23,96,"M",1,22.1,2,5.3,13.3,42.47972029
297,36,121,"M",1,19.3,2.1,4.8,11.9,47.00778041
298,25,99,"M",1,19.2,1.8,5.2,11.6,48.60602986
299,14,78,"M",1,20.3,2.5,5.9,13.4,51.25286389
300,24,98,"F",2,33.3,4.2,11.3,21.7,42.0880755
301,9,67,"F",2,22.2,2.5,7,14.4,83.82763518
302,39,127,"F",2,32.3,4,10.3,19.6,37.05195387
303,27,104,"F",2,28.6,3.2,9.5,18.4,53.8051088
304,5,60,"F",2,25.6,2.9,8.3,16.5,37.14141507
305,34,117,"F",2,30.3,3.1,8.9,18.7,55.2097223
306,39,127,"F",2,32.3,3.8,10,20.4,52.92877329
307,28,106,"F",2,33.4,3.8,9.7,20.8,47.88010212
308,15,79,"F",2,31.9,3.3,8.8,18.2,76.16168355
309,27,103,"F",2,24.8,3.1,8.8,16,36.02506673
310,35,120,"F",2,30.4,3.9,9.6,19.7,41.62085247
311,11,72,"F",2,20.9,2.6,6.2,13.1,107.504912
312,32,113,"F",2,27.2,3,8.8,17.2,57.4519264
313,17,83,"F",2,32.3,3.8,10.5,20.3,86.01090592
314,20,89,"F",2,26.4,2.9,7.9,15.9,102.9209372
315,18,85,"F",2,35.6,3.7,11.1,21.7,42.27537325
316,4,58,"F",2,27.7,3.2,8.3,16.8,46.48047026
317,41,131,"F",2,32.5,3.8,10.7,20.9,25.87093931
318,17,84,"M",1,27.7,3.1,7.4,17.4,64.21956012
319,32,113,"M",1,28.5,3.3,7.4,16.9,72.69836356
320,35,120,"M",1,30.3,4,8.2,18.6,98.22183197
321,10,69,"M",1,26.2,3.2,6.8,14.9,70.66282695
322,21,91,"M",1,27.2,3.1,7,16.7,72.33242612
323,37,124,"M",1,28.9,3.4,7.1,17.8,60.06880205
324,9,67,"M",1,26.1,2.9,6.1,15.5,69.76050578
325,16,81,"M",1,31.4,3.8,8.5,18.6,73.41265037
326,5,60,"M",1,25,2.8,6.4,14.7,74.96703748
327,20,89,"M",1,31.1,3.8,8.4,19.3,73.65098174
328,11,71,"M",1,27.7,3.4,7.4,17.6,71.01037158
329,41,131,"M",1,29.5,3.5,7.9,17.7,61.78188583
330,28,105,"M",1,26.2,3.2,7.3,15.9,86.48773793
331,27,103,"M",1,27.6,3.7,7.1,16.1,95.7811157
332,35,119,"M",1,30.1,4,8.2,18.5,77.07713555
333,8,65,"M",1,25.6,3.4,7.2,15.8,76.09062817
334,24,97,"M",1,28.7,3.8,7.2,17.3,62.32757371
335,42,133,"M",1,31.3,3.7,8.2,18.3,73.14632901
336,3,56,"M",1,29,3.3,6.7,16.8,58.61230908
337,4,57,"F",2,28.6,3.9,9.9,17.4,74.59232028
338,39,128,"F",2,30.9,3.6,9.7,19.9,44.76006506
339,33,116,"F",2,29.3,3.4,9.2,19.7,89.28717027
340,36,121,"F",2,30.6,3.3,9.2,19.5,78.25971454
341,13,76,"F",2,27,3.6,9,17.2,77.55397382
343,33,116,"F",2,33,4.3,10,20.5,49.91633914
344,40,130,"F",2,26.4,3.1,8.6,17.2,71.32793169
345,20,89,"F",2,29.6,3.6,9.5,19,87.89483734
346,3,55,"F",2,25.5,2.5,7.4,15.9,82.65037853
347,15,80,"F",2,29.5,3.6,8.9,18.9,31.25447646
348,30,109,"F",2,24,2.9,7.7,14.8,101.203902
349,26,101,"F",2,35.2,4.2,10.9,22.1,48.00821204
350,31,112,"F",2,26.5,2.8,7.9,16.2,65.11966134
351,31,112,"M",1,32.5,3.5,8,20.1,67.84577767
352,26,101,"M",1,28.1,3.2,6.9,17.6,54.89861626
353,18,85,"M",1,24.5,3.1,6.7,15.2,71.9515677
354,28,106,"M",1,31.7,3.8,8.3,19.2,54.0754048
355,38,125,"M",1,24.9,3.2,6.4,14.9,75.31423903
357,12,73,"M",1,25.5,2.9,6.1,15.5,69.85759657
358,31,111,"M",1,30.8,4.1,7.4,18.3,90.34875144
359,18,86,"M",1,25.3,3.1,6.8,15.2,77.86254731
360,26,102,"M",1,28.9,3.7,7.5,16.8,77.37923832
361,22,94,"M",1,24.4,3,6.3,14.9,72.19857118
362,36,121,"M",1,20.9,2.6,5.7,12.7,55.37400672
363,22,93,"M",1,27,3.8,7.1,16.2,80.6594151
365,9,67,"M",1,25.3,3.6,7.3,15.3,81.65735611
366,15,79,"M",1,26.1,3.4,7,16.2,75.86143701
367,5,59,"M",1,27.2,3.7,7.9,16.8,79.46238684
368,29,108,"M",1,25.9,3.3,6.6,15.7,55.75720833
369,15,80,"M",1,28.9,3.3,8.2,16.9,71.25412592
370,42,134,"M",1,29.2,3.5,8.6,18.6,59.16770778
371,9,68,"M",1,24.3,2.9,6.9,16.2,65.61856699
372,27,104,"M",1,26.4,3.6,7.6,17.4,80.74433427
373,4,57,"M",1,21.4,2.8,5.9,13.1,70.9028354
374,8,66,"M",1,24.9,3.4,6.2,15.8,76.48663495
375,34,118,"F",2,28.9,4,9.3,18.5,62.18622054
376,26,102,"F",2,24.7,3.5,8.6,16.6,84.8002698
377,23,96,"F",2,33.8,4.7,12.2,23.1,57.35144128
378,17,84,"F",2,35.8,4.4,11.9,22.9,60.82509954
379,29,107,"F",2,34.4,4.8,10.8,22.4,48.34470505
381,15,79,"F",2,29.6,3.7,8.5,18.6,67.38454198
382,38,125,"F",2,32.4,4.1,9.9,20.2,48.14112613
383,11,71,"F",2,27.6,3.2,8.3,16.9,74.00092067
384,4,58,"F",2,25.6,3.1,7.3,15.4,69.9145623
385,31,111,"F",2,30.9,3.2,8.9,18,45.70645676
386,35,120,"F",2,29.2,3.5,9.4,18.4,57.43379115
387,23,95,"F",2,29.7,3.7,10.3,19.2,61.81551465
388,3,55,"F",2,23.1,2.8,7.7,14.3,124.5721747
389,32,114,"F",2,26.7,3.2,8.2,17.4,70.99187301
390,11,71,"F",2,32.4,3.5,9.4,19.9,80.98648328
391,22,93,"F",2,34.5,4.2,11.3,23.2,36.22608715
392,33,115,"F",2,32.3,3.4,10.8,21.6,29.94632857
393,41,132,"F",2,27.8,3.2,8.7,17.7,33.35123959
394,14,77,"F",2,26.3,3.1,8.2,16.6,73.9937699
395,4,58,"F",2,28.3,3.3,8.9,17,71.35815303
396,12,73,"F",2,21.1,2.2,6.1,12.6,95.6050989
397,9,67,"F",2,18.8,2.4,5.3,11.8,104.1276951
398,33,116,"M",1,29.3,3.9,7.7,17.7,84.57440657
399,16,81,"M",1,28.3,3.5,7.7,17.9,64.18092563
400,15,79,"M",1,26.8,4.1,7.3,16,87.78208889
402,19,87,"M",1,32.2,4,8.7,19.3,66.22075984
403,5,59,"M",1,33,4.1,8.7,20.3,74.77345129
404,35,119,"M",1,29.9,3.7,8.1,18.3,75.62724154
405,26,102,"M",1,27.9,3.2,7.2,17.8,68.91333324
406,30,109,"M",1,32.5,4.5,9.3,19.2,93.05874556
407,29,108,"M",1,29.7,3.9,7.9,18.7,81.57115761
408,25,100,"M",1,27.4,3.4,7.8,16.5,71.84534403
409,18,86,"M",1,28,3.1,7.2,16.7,77.72938858
410,8,65,"M",1,23.4,2.8,6.3,14.8,58.73886433
411,29,108,"M",1,32.6,4.2,8.8,19.4,69.58918315
412,14,78,"M",1,26.8,2.9,6.6,16.4,62.82737718
413,6,61,"M",1,27.4,3.9,8,17.3,74.23648843
414,24,97,"M",1,27.9,3.2,7,17,64.79350628
415,2,54,"M",1,22.2,2.6,5.5,12.9,69.4967727
416,7,64,"M",1,29.2,3.3,7.9,16.3,57.17879427
417,6,62,"M",1,26.4,3.4,6.5,15.3,91.2014222
418,25,100,"M",1,27.6,3.7,7.2,17,67.28542751
419,3,55,"M",1,22.3,2.7,5.5,13.1,53.41043193
420,5,60,"M",1,27.9,3.7,7.4,18,48.49433956
421,27,103,"M",1,27.9,3.4,7.1,16.5,88.40229965
422,3,56,"M",1,23.7,2.7,5.7,14,70.03999798
423,38,125,"M",1,24.5,3.2,6.1,15,86.71127062
424,35,119,"F",2,31.3,3,8.8,18.8,64.68787971
425,10,69,"F",2,30.4,3.2,9.3,19.5,50.60531798
427,38,126,"F",2,29.1,3.2,7.9,18.1,50.70681674
428,3,55,"F",2,26.8,3.5,8.7,17,54.5849713
429,33,115,"F",2,32,3.4,9.6,21,71.46087127
430,17,84,"F",2,32.8,4,9.9,21.3,52.52812688
431,34,118,"F",2,26.9,3.2,8.4,16.4,80.26579549
432,8,65,"F",2,22.1,2.8,6.5,14,110.8320207
433,37,124,"F",2,29.3,3.3,8.2,18.3,75.793561
434,41,131,"F",2,37.2,4.2,12,23.3,46.06305896
435,30,109,"F",2,33.2,4,11,20.4,26.6215684
436,32,114,"F",2,25.2,3.1,8,15.9,78.74446296
437,7,64,"F",2,35.1,4.2,11.1,22.2,48.98741209
438,27,104,"F",2,34.6,4.4,11.7,22.7,60.27590779
439,40,130,"F",2,26.4,3.2,8.1,16.4,69.00596455
440,30,110,"F",2,28.3,3.7,8.4,17.7,54.09536969
441,18,86,"F",2,28.1,3.7,8.9,17.6,65.24237847
442,40,129,"F",2,29.9,3.7,9.4,18.9,63.41170163
443,29,108,"F",2,28,3.2,9.1,18,77.90604644
444,19,87,"F",2,31.6,3.9,9.7,19.5,46.35571036
445,16,82,"F",2,25.2,3.2,8.1,16,77.29303519
446,21,92,"F",2,27.2,3.8,8.7,16.4,79.69970009
447,34,117,"F",2,29.3,3.3,9.9,18.5,71.95417325
448,2,53,"F",2,30,3.8,9,18.6,88.0640062
449,19,88,"F",2,30.8,3.1,10.5,20.8,41.09581899
451,22,94,"F",2,24.5,2.7,7.5,15.4,80.5050267
452,36,122,"F",2,23.9,3.2,7.7,15.1,89.77206944
453,1,52,"F",2,22.9,2.8,6.8,13.7,75.12092783
454,12,74,"F",2,22.3,2.6,6.9,13.2,95.20414617
455,2,54,"F",2,35.8,4.1,10.6,22.5,31.20048936
456,26,101,"F",2,37.2,4.3,11.8,24.5,23.70700918
457,8,65,"F",2,25.5,3.1,7.8,15.6,73.79274594
458,3,56,"F",2,21.1,2.5,6.3,13,106.638861
459,21,91,"F",2,28.7,3.9,9.8,17.9,45.58731482
460,21,91,"F",2,27.6,3.2,8.8,17.1,78.855132
461,8,65,"F",2,24.9,2.8,7.2,14.9,81.68246659
462,22,93,"M",1,29.5,3.9,7.5,17.8,66.27760171
463,14,77,"M",1,25,3.1,7.1,15.3,74.27476443
464,34,118,"M",1,28.9,3.5,7.7,17.8,62.73115562
465,21,92,"M",1,28.5,3.3,7.3,16.8,69.37105139
466,38,126,"M",1,29,3.6,7.1,18.1,64.55370658
467,36,122,"M",1,34.1,4.1,8.8,20.5,74.81731508
468,33,116,"M",1,29.9,3.6,7.8,18.1,63.22429502
469,6,61,"M",1,27.9,3.7,7.8,17.4,90.9764488
470,28,106,"M",1,27.5,3.8,7.4,17.2,88.90121707
471,30,110,"M",1,27.5,3.3,7.2,17.7,65.05915865
472,41,132,"M",1,30.4,3.5,7.7,18.4,56.48920401
473,13,75,"M",1,27.8,3.5,7.7,16.1,80.58593066
474,31,112,"M",1,28.3,3.2,7.6,16.4,76.84614189
475,27,104,"M",1,30.5,4.2,8,18.5,80.46194822
476,34,117,"M",1,26.9,3.1,6.8,16.5,54.18290159
477,32,113,"M",1,29.9,3.4,7.3,17.4,80.70083313
478,7,64,"M",1,27.8,3.3,7,16.7,69.7065457
479,40,129,"M",1,29.5,3.7,7.6,17.8,84.66589314
480,40,129,"M",1,28.3,3.7,7.5,17,67.54201587
481,18,85,"M",1,25.9,3.1,6.6,15.3,74.9450134
482,37,123,"M",1,34.1,4.1,9,20.3,67.91989807
483,41,131,"M",1,29.9,3.7,7.8,17.7,76.91912972
484,42,133,"M",1,29.8,3.9,8.3,18.6,75.49048954
485,12,74,"M",1,23.8,3.1,5.9,14,81.64540508
486,37,124,"M",1,29.6,3.7,7.9,18.5,76.7012346
487,27,104,"M",1,27.6,3.3,7.1,16.3,73.06476874
488,13,75,"M",1,26.3,3.3,6.9,15.7,67.31741423
489,16,82,"M",1,24,3,6.1,14.4,80.05578327
490,18,85,"M",1,24.7,3,6.1,15,75.96266238
491,32,114,"M",1,35.4,4,9.6,22.2,63.72750518
492,28,105,"M",1,27.9,3.2,7.6,15.3,80.50317862
493,22,94,"M",1,28,3.8,8,17.8,81.04117916
494,26,101,"M",1,25,3.2,6.2,15.4,76.76023249
495,30,110,"F",2,35.2,4.4,12.9,22.9,58.7275246
496,20,90,"F",2,35.8,4.2,11.4,22.5,36.59261482
497,6,62,"F",2,30,3.7,8.6,18.4,78.25003903
498,39,128,"F",2,29.4,3.4,8.3,18,76.74155602
499,40,129,"F",2,28.1,3.9,9,17.6,75.16102709
500,12,74,"F",2,22,2.7,6.7,13.9,75.59501298
